title,video_Url,description,channel_title,keywords_tag,video_publish_at,video_duration,views,commets,caption,caption_avail,location,video_category,topic_details
Dj Truck Modified Indian Cars üëë ( Dj Gadi wala game ) üëë Car Games Android #gameplay,https://www.youtube.com/watch?v=Y6kHxZR57fI&pp=ygUFZ2FtZXM%3D,"Download the Voot Kids app - https://vootkids.onelink.me/ybWh/4cf6... 
 ‚Ä¶
...more",JioCinema Kids,Not available,2 years ago,3:51,126M views,Not available,Not available,No,Not available,Not available,Not available
PLAYING GAMES ON A THEATRE SCREEN,https://www.youtube.com/watch?v=Yq2-KryYUbs&pp=ygUFZ2FtZXM%3D,"PLAYING GAMES ON A THEATRE SCREEN
#gaming #ujjwal #technogamerz 
 ‚Ä¶
...more",TechShot,Not available,3 days ago,31:59,"4,322,717 views","11,584",Not available,No,Not available,Not available,Not available
Thar 4x4 Jeep Driving Games: Indian Bikes Driving Game 3D - Android Gameplay,https://www.youtube.com/watch?v=AGcGEeoxahI&pp=ygUFZ2FtZXM%3D,"Thar 4x4 Jeep Driving Games: Indian Bikes Driving Game 3D - Android Gameplay

‚ñ∫ Game Download Link: https://play.google.com/store/apps/de... ‚Ä¶
...more",DroidGameplaysTV,Not available,1 year ago,11:31,15M views,497,Not available,No,Not available,Not available,Not available
"PACERS at WARRIORS | FULL GAME HIGHLIGHTS | December 23, 2024",https://www.youtube.com/watch?v=kivLFHwHaz8&pp=ygUFZ2FtZXM%3D,"The Pacers defeated the Warriors, 111-105 tonight in Golden State. Myles Turner contributed a team-high 23 points to go with 3 blocks 10 rebounds and 3 three pointers, with Pascal Siakam of the Pacers adding an additional 20 points (9-18 FG, 1-4 3P) and 5 rebounds in the game. Jo ‚Ä¶
...more",NBA,Not available,8 hours ago,9:16,"203,022 views",435,Not available,No,Not available,Not available,Not available
"PISTONS at LAKERS | FULL GAME HIGHLIGHTS | December 23, 2024",https://www.youtube.com/watch?v=wOn6r8Rh8lM&pp=ygUFZ2FtZXM%3D,"The Pistons defeated the Lakers, 117-114 tonight in Los Angeles. Malik Beasley contributed a team-high 21 points to go with 5 rebounds 5 three pointers and 2 steals, with Cade Cunningham of the Pistons adding an additional 20 points (9-25 FG) and 10 assists in the game. LeBron Ja ‚Ä¶
...more",NBA,Not available,Not available,9:56,Not available,"1,025",Not available,No,Not available,Not available,Not available
"$456,000 Squid Game In Real Life!",https://www.youtube.com/watch?v=0e3GPea1Tyg&pp=ygUFZ2FtZXM%3D,"MAKE SURE YOU WATCH UNTIL GLASS BRIDGE IT'S INSANE!
Download Brawl Stars now and get a free gift from me in the game! http://supr.cl/mrbeast
 ‚Ä¶
...more",MrBeast,Not available,3 years ago,25:41,"681,189,985 views","615,008",Not available,No,Not available,Not available,Not available
Ramp Car Racing - Car Racing 3D - Android Gameplay,https://www.youtube.com/watch?v=GyO1MtLhyt0&pp=ygUFZ2FtZXM%3D,"Ramp Car Racing - Car Racing 3D - Android Gameplay 

Mahindra Bolero Driving | Indian Gadi Wala 3D Game #06 Realistic Car Gam ‚Ä¶
...more",Gaming aadii ,Not available,1 year ago,3:29,116M views,"2,146",Not available,No,Not available,Not available,Not available
GTA 5 : MICHAEL'S POWERFUL ATTACK ON FAKE PRESIDENT'S MANSION || BB GAMING,https://www.youtube.com/watch?v=UlTuTxkuMBI&pp=ygUFZ2FtZXM%3D,"BBISLIVE -   / @bbislive  
VLOG CHANNEL -   / @bbgamingvlogs   ‚Ä¶
...more",BB GAMING,Not available,6 hours ago,54:40,88K views,619,Not available,No,Not available,Not available,Not available
Subway Surfers Gameplay PC - BEST Games,https://www.youtube.com/watch?v=-i0OIy5zSrs&pp=ygUFZ2FtZXM%3D,"‚ù§ Please Subscribe to the Channel :    / @king-games   
...more",King Games,Not available,7 years ago,14:25,37M views,Not available,Not available,No,Not available,Not available,Not available
GRANNY KA MERRY CHRISTMAS üéÖ christmas granny game definition hindi | granny game horror game video,https://www.youtube.com/watch?v=cKgb0KqvA94&pp=ygUFZ2FtZXM%3D,"Granny ke Ghar aaye Santa Claus üéÖüò±

Instagram :-  ‚Ä¶
...more",Game Definition,Not available,2 days ago,9:02,345K views,631,Not available,No,Not available,Not available,Not available
"Wedding Planner- Design the Wedding Game- Play Fun Spa,Makeup,Dress Up & Cake Design Games For Girls",https://www.youtube.com/watch?v=HThwk-w56JM&pp=ygUFZ2FtZXM%3D,"‚ô•‚ô•‚ô•Hi, My Friends, Let's Become the best Wedding Planner around, and plan dream weddings! From designing beautiful gowns to designing the yummiest cakes. ‚Ä¶
...more",KindGaming,Not available,5 years ago,12:15,69M views,Not available,Not available,No,Not available,Not available,Not available
Games that go too far with their graphics,https://www.youtube.com/watch?v=3XvzlHuqlXY&pp=ygUFZ2FtZXM%3D,"Delvin wants Skycraft to have perfect graphics
Bloopers at: Vivaplus.tv
 ‚Ä¶
...more",Viva La Dirt League,Not available,1 day ago,3:29,"454,136 views","1,864",Not available,No,Not available,Not available,Not available
IDEAS for 7/16 FREE MYSTERY GAME from EPIC GAMES STORE,https://www.youtube.com/watch?v=2VC51CvCDIE&pp=ygUFZ2FtZXM%3D,"What is the 7th free Christmas game from Epic in 2024? We have the clues, the guesses, the rumors, everything you need to know! 
 ‚Ä¶
...more",Should You Play It?,Not available,20 hours ago,5:41,"22,173 views",219,Not available,No,Not available,Not available,Not available
Real Construction Simulator 3D #3 - JCB Excavator Driving Game - Android Gameplay,https://www.youtube.com/watch?v=CdhcTeFiYTY&pp=ygUFZ2FtZXM%3D,"‚ñ∫ Game Download Link: https://play.google.com/store/apps/de...

‚ñ∫ SUBSCRIBE HERE:- https://goo.gl/dkAxut ‚Ä¶
...more",DroidGameplaysTV,Not available,4 months ago,9:24,816K views,50,Not available,No,Not available,Not available,Not available
